keyword,priority,volume,kd,cpc,intent,seed,flag,published,Ссылка конкурента 1,Ссылка конкурента 2,Ссылка конкурента 3,Заголовок конкурента 1,Заголовок конкурента 2,Заголовок конкурента 3,Сниппет конкурента 1,Сниппет конкурента 2,Сниппет конкурента 3
best ai notetaker,2,320,40,2.57,I,ai meeting tool,ok,,,,,,,,,,
best note taking ai,2,320,39,2.55,I,ai meeting tool,ok,,,,,,,,,,
best meeting recorder app,2,260,29,3.16,I,ai meeting tool,ok,,,,,,,,,,
best meeting recording app,2,260,23,3.16,I,ai meeting tool,ok,,,,,,,,,,
best free ai note taker,2,210,20,2.0,I,ai meeting tool,ok,,,,,,,,,,
best meeting transcription app,2,170,29,3.29,I,ai meeting tool,ok,,,,,,,,,,
best app for meeting notes,2,170,20,3.49,I,ai meeting tool,ok,,,,,,,,,,
best meeting notes app,2,170,25,3.49,I,ai meeting tool,ok,,,,,,,,,,
note taking ai app,2,320,38,3.06,I,ai meeting tool,ok,,,,,,,,,,
ai note taking apps,2,390,32,2.88,I,ai meeting tool,ok,,,,,,,,,,
summary app,2,360,25,1.17,I,ai meeting tool,ok,,,,,,,,,,
meet transcript,2,260,20,3.12,I,ai meeting tool,ok,,,,,,,,,,
ai notes app,2,320,40,2.38,I,ai meeting tool,ok,,,,,,,,,,
ai meeting,2,1900,66,2.84,I,meeting transcription software,ok,,,,,,,,,,
best ai note taking app,2,1900,71,2.66,I,meeting transcription software,ok,,,,,,,,,,
meeting ai,2,1900,63,2.84,I,meeting transcription software,ok,,,,,,,,,,
transcription ai,2,1300,68,1.39,I,meeting transcription software,ok,,,,,,,,,,
ai meeting notes,2,810,54,3.3,I,meeting transcription software,ok,,,,,,,,,,
meeting transcribe,2,480,50,3.88,I,meeting transcription software,ok,,,,,,,,,,
transcribing service free,2,590,57,2.51,I,meeting transcription software,ok,,,,,,,,,,
transcribe conversation,2,480,67,1.78,I,meeting transcription software,ok,,,,,,,,,,
note recording,2,590,58,1.58,"L,C",meeting transcription software,ok,,,,,,,,,,
ai note taking app,2,3600,63,3.16,I,ai note taker,ok,,,,,,,,,,
best ai note taker,2,1300,70,2.07,I,ai note taker,ok,,,,,,,,,,
note taker ai,2,1300,71,2.94,I,ai note taker,ok,,,,,,,,,,
ai notetaking,2,1300,72,3.12,I,ai note taker,ok,,,,,,,,,,
free ai note taker,2,740,44,2.42,I,ai note taker,ok,,,,,,,,,,
take meeting notes,2,660,44,3.3,I,ai note taker,ok,,,,,,,,,,
takes notes,2,610,43,1.39,I,ai note taker,ok,,,,,,,,,,
note taker free,2,390,46,1.64,I,ai note taker,ok,,,,,,,,,,
automatic note taker,2,390,47,2.88,I,ai note taker,ok,,,,,,,,,,
ai note taker for in person meetings,2,390,45,3.54,I,ai note taker,ok,,,,,,,,,,
meeting summaries,2,390,50,3.47,I,ai note taker,ok,,,,,,,,,,
auto note taker,2,390,52,2.88,I,ai note taker,ok,,,,,,,,,,
audio note taking,2,390,44,2.67,I,ai note taker,ok,,,,,,,,,,
ai notes,2,390,43,1.33,I,ai note taker,ok,,,,,,,,,,
note takers,2,440,61,1.63,I,ai note taker,ok,,,,,,,,,,
ai note,2,1100,64,1.33,I,ai note taker,ok,,,,,,,,,,
ai notetakers,2,480,64,3.63,I,ai note taker,ok,,,,,,,,,,
ai note app,2,480,41,1.57,I,ai note taker,ok,,,,,,,,,,
ai note generator,2,480,41,1.81,I,ai note taker,ok,,,,,,,,,,
zoom ai note taker,2,390,49,2.66,I,ai note taker,ok,,,,,,,,,,
meeting note taker app,2,480,49,3.72,I,ai note taker,ok,,,,,,,,,,
voice recorder for notes,2,480,43,0.9,I,ai note taker,ok,,,,,,,,,,
record notes,2,590,42,1.58,I,ai note taker,ok,,,,,,,,,,
create notes,2,500,49,0.97,I,ai note taker,ok,,,,,,,,,,
notes maker,2,540,42,1.13,I,ai note taker,ok,,,,,,,,,,
note creator,2,480,42,0.96,I,ai note taker,ok,,,,,,,,,,
recording note,2,590,58,1.58,I,ai note taker,ok,,,,,,,,,,
notes recording,2,590,44,1.58,I,ai note taker,ok,,,,,,,,,,
recording notes,2,590,49,1.58,I,ai note taker,ok,,,,,,,,,,
